îNåéì˙,ïΩãœãCâ∑(Åé),ìVãCäTãµ(íã:06éû~18éû),ç~êÖó ÇÃçáåv(mm),ç~êÖó (0or1),ì˙è∆éûä‘(éûä‘),ïΩãœïóë¨(m/s),ïΩãœèˆãCà≥(hPa),ïΩãœéºìx(%),ïΩãœâ_ó (10ï™î‰)
2020/4/1,11.4,2,31,1,0,2.7,13.1,97,10
2020/4/2,13.9,4,0,0,11.9,6.2,7,45,3.8
2020/4/3,12.8,4,0,0,9.9,3.3,7.6,50,4.8
2020/4/4,15.7,4,0,0,11.5,3.9,10.6,62,0.5
2020/4/5,10.2,2,0,0,1.2,2.6,9.2,73,6.3
2020/4/6,12.1,4,0,0,11.3,3,6,43,4.5
2020/4/7,12.4,3,0,0,8.9,2.7,7.2,50,6.5
2020/4/8,14.3,4,0,0,11.7,2.6,9.5,60,2
2020/4/9,13.3,4,0.5,1,8.3,3.3,9.1,62,5
2020/4/10,11.2,4,0,0,9.9,3.8,6.2,49,6.8
2020/4/11,11.4,4,0.5,1,9,3.2,6.4,48,6.5
2020/4/12,10.3,2,6.5,1,0.6,2.5,10.4,84,10
2020/4/13,8,2,132,1,0,3.9,10.5,97,10
2020/4/14,10.9,4,1.5,1,11.8,4.7,6.6,54,2.5
2020/4/15,13.8,3,0,0,9.1,3.1,7.7,48,7.3
2020/4/16,11.7,3,0.5,1,5.9,3.7,9.1,66,10
2020/4/17,12.4,3,0.5,1,4.8,3,9,62,9.5
2020/4/18,12.9,2,89.5,1,0.7,3.1,14.3,96,8
2020/4/19,14.7,4,0,0,11.3,3.5,10.1,64,4.3
2020/4/20,9.7,2,15,1,0,2.5,11.3,94,9.8
2020/4/21,14.2,3,0,0,1.6,1.7,13.2,82,7
2020/4/22,13.5,4,0,0,3.4,2.3,10.1,65,10
2020/4/23,11.9,4,1,1,10,3.1,7.6,56,6.5
2020/4/24,12.2,4,0.5,1,7.3,3.3,7.6,55,7
2020/4/25,12.7,4,0,0,12.5,3.7,8.5,61,0
2020/4/26,18.3,3,0,0,10.5,5,10.7,52,7.5
2020/4/27,12.8,2,12.5,1,1.4,2.4,11.3,78,10
2020/4/28,12.3,2,5,1,5,2.1,12.1,85,9.5
2020/4/29,15.1,4,0,0,12.2,2.7,11.6,69,1.8
2020/4/30,18,4,0,0,11.7,3,13.4,66,0
2020/5/1,19.9,4,0,0,11.9,4.1,15.3,67,4
2020/5/2,20.6,4,0,0,12.2,2.8,17.3,73,0.8
2020/5/3,20.7,3,0,0,7.1,4.7,16.9,70,9.8
2020/5/4,19.3,2,2,1,1.5,3.1,19.4,87,10
2020/5/5,21.3,3,0,0,7.7,3.2,18.1,73,6.5
2020/5/6,15.8,3,19,1,0,2.1,16.1,90,10
2020/5/7,16.5,4,0.5,1,12.1,3.3,10.9,61,4.3
2020/5/8,16.7,4,0,0,10.7,3.5,9,48,3.8
2020/5/9,18.3,3,0,0,3.4,4.3,13.3,64,10
2020/5/10,21.5,3,1,1,1,5.3,21.1,82,10
2020/5/11,22.9,4,0.5,1,9.1,3,22.1,80,5.5
2020/5/12,21.7,2,0,0,4.7,2.8,19.3,75,10
2020/5/13,22.3,4,0,0,11.1,2.7,14.5,55,4.5
2020/5/14,20.8,4,0,0,12.5,3.4,9.9,40,4
2020/5/15,21.5,3,0,0,8.1,3.9,13.1,52,7.5
2020/5/16,18.5,2,24,1,0,4.1,18.7,89,10
2020/5/17,21.6,4,0,0,11.7,2.7,18.5,74,5.8
2020/5/18,19.2,2,2,1,0,2,20.3,91,10
2020/5/19,17.7,2,54.5,1,0,3,19.9,97,10
2020/5/20,12.7,2,3,1,0,2.5,13.2,90,10
2020/5/21,12.7,2,0.5,1,0,2,13.1,89,10
2020/5/22,15.3,3,1,1,0,2.4,15.5,89,10
2020/5/23,18.4,3,0,0,2.8,2.4,18,86,8.5
2020/5/24,20.8,4,0,0,11,3.2,18,75,6.3
2020/5/25,21.6,3,0,0,6.6,3,18.2,72,9.3
2020/5/26,20.9,2,0.5,1,0.2,2,21.5,87,9.5
2020/5/27,21.4,3,0,0,4.4,2.1,20.3,81,9.8
2020/5/28,19.4,2,9.5,1,3.7,2.7,15.1,69,8.8
2020/5/29,20.7,4,0,0,12.9,2.8,15.3,65,3.5
2020/5/30,22,3,0,0,8.9,3.2,18.2,71,7
2020/5/31,21.3,3,0,0,0.2,3.4,18.3,73,8
2020/6/1,19.6,2,4,1,0,1.8,21.2,93,10
2020/6/2,22.3,3,0,0,4.1,2.3,23.4,87,10
2020/6/3,24,3,0,0,6.2,2.4,22.5,76,9.8
2020/6/4,23.5,3,0,0,5.4,2.8,22.7,79,10
2020/6/5,24.8,3,0,0,8.1,3.3,22.8,74,9.3
2020/6/6,24.2,3,6.5,1,1.9,2.6,23.1,77,10
2020/6/7,22,4,0.5,1,8.6,2.9,17.3,67,7.5
2020/6/8,23.2,4,0,0,8.9,2.9,20.7,73,5.8
2020/6/9,25.5,3,0,0,13,3.1,21.6,68,7.3
2020/6/10,26.2,4,0,0,11.1,5.4,21.5,65,4.8
2020/6/11,25.1,2,10,1,3.5,5.9,26.8,85,9.5
2020/6/12,26.2,3,5.5,1,4,2.5,28.3,84,9
2020/6/13,21.3,2,35.5,1,0,2.2,25.3,99,10
2020/6/14,21.7,2,5.5,1,0,1.6,25.8,99,10
2020/6/15,25.9,3,0,0,7.3,2.4,26.5,81,9.5
2020/6/16,25.5,3,0,0,8,3.4,22,68,7.3
2020/6/17,23.6,4,0,0,13.1,3.5,18.1,63,4
2020/6/18,22.1,2,2,1,0,2,21.6,82,10
2020/6/19,18.7,2,50,1,0,2.2,21.4,99,10
2020/6/20,22.9,3,0,0,9.3,2.8,20.7,76,6.5
2020/6/21,21.9,3,2.5,1,1.4,2.5,21.6,83,10
2020/6/22,19.2,2,27.5,1,0,3.5,21.2,95,10
2020/6/23,22.3,2,3,1,2.7,2.6,22.9,86,9.3
2020/6/24,22.5,4,0,0,1.9,2.6,22.9,84,9.5
2020/6/25,20.2,3,14.5,1,0,1.9,22.4,94,10
2020/6/26,24.7,3,0,0,4.9,1.7,26.3,85,9
2020/6/27,25.5,3,0,0,2.6,1.9,27,83,10
2020/6/28,22.2,2,30,1,0,2,25.8,96,10
2020/6/29,24.9,4,0,0,10.3,3,21.5,69,3.5
2020/6/30,24.6,2,15.5,1,0,4.5,27.7,90,9.8
2020/7/1,25.1,3,21,1,0,6.5,28.5,89,10
2020/7/2,25.9,4,0.5,1,11.7,4.9,23.4,72,5.5
2020/7/3,23.8,3,6,1,1.7,2.4,23.3,80,10
2020/7/4,23.8,3,25.5,1,0.1,4,26.4,90,10
2020/7/5,24.9,3,3.5,1,1.7,3.3,27.2,87,10
2020/7/6,24.8,2,40.5,1,0.3,5.2,28.8,92,10
2020/7/7,27.2,3,0.5,1,0.2,6.4,30.2,84,10
2020/7/8,26,3,3,1,1.5,5.8,28,83,10
2020/7/9,23.7,2,14,1,0,3.8,28,96,10
2020/7/10,25.3,2,0.5,1,0,3.6,29.1,90,9.8
2020/7/11,27.5,3,2,1,2.3,5.6,30,82,10
2020/7/12,26,3,0.5,1,4.8,2.9,27.4,81,10
2020/7/13,21,3,6,1,0.4,3,22.5,90,10
2020/7/14,22.3,2,6,1,0,2.3,26.2,97,10
2020/7/15,20.4,2,6.5,1,0,2.3,23.3,97,10
2020/7/16,20.7,3,0.5,1,0.1,2.3,21,86,10
2020/7/17,19.3,2,34.5,1,0,2,21.9,98,10
2020/7/18,20.4,2,20,1,0,1.5,24,100,10
2020/7/19,24.3,4,0,0,6.9,2.2,27.2,90,5.8
2020/7/20,26.9,3,0,0,6.9,2.4,28.2,80,8.5
2020/7/21,25.5,3,1,1,0.1,2.1,28.5,88,10
2020/7/22,26.6,3,0,0,0.8,2.4,30.9,89,10
2020/7/23,23.2,2,31.5,1,0,1.8,28.3,99,10
2020/7/24,24.5,3,0,0,0,1.2,28.7,94,9.8
2020/7/25,25.1,2,23.5,1,0.2,2.1,31.2,98,10
2020/7/26,25.6,3,18.5,1,2.9,3.1,31.1,95,10
2020/7/27,26.3,2,2,1,0.7,3.3,30,88,10
2020/7/28,26.7,2,2,1,1.2,2.5,31.2,90,10
2020/7/29,22.9,3,0,0,0,2.9,24.4,87,10
2020/7/30,23.2,3,0,0,0,1.9,23.9,84,10
2020/7/31,24.8,3,1,1,3.2,1.6,28,90,10
2020/8/1,26.1,4,0.5,1,5.5,2.6,25.8,77,7.8
2020/8/2,26.3,4,0,0,6,2.4,25.4,75,5.5
2020/8/3,27.2,4,0,0,10.1,2.4,26,74,3.8
2020/8/4,28.3,4,0,0,10.4,2.9,29.2,77,4.3
2020/8/5,29.1,4,0,0,10.3,2.9,30.3,76,3.3
2020/8/6,28.5,4,0,0,9.7,3.9,30.4,79,7.8
2020/8/7,29.5,3,0,0,8.8,3.4,29.1,71,7.5
2020/8/8,28.1,3,0,0,4.7,2.7,29.8,79,8.3
2020/8/9,28.7,3,0,0,7.5,2.4,30,77,9.5
2020/8/10,30.5,3,0,0,8.8,2.4,31.5,73,10
2020/8/11,31.7,4,0,0,12.5,4,31,67,2.8
2020/8/12,30,2,0.5,1,7.2,2.5,33.1,79,6.8
2020/8/13,29.4,2,21.5,1,7.8,2.2,32.6,82,5
2020/8/14,29.4,4,0,0,8.3,2.8,31.8,78,2
2020/8/15,31,4,0,0,10,2.1,33.7,76,3.8
2020/8/16,31.2,4,0,0,9.7,2.7,33.1,74,7.3
2020/8/17,30.8,3,0,0,7,2.7,33.4,76,7.8
2020/8/18,30.3,4,0,0,4.2,2.8,30.6,71,8.8
2020/8/19,29,4,0,0,10.8,2.7,28.4,72,5.3
2020/8/20,29.7,4,0,0,11.1,3.2,30.3,74,1
2020/8/21,30.1,4,0,0,10.5,2.8,29.9,72,2.3
2020/8/22,29.3,4,0,0,8,2.7,30.1,75,6
2020/8/23,25.6,3,38,1,1.9,2,28.4,87,9.8
2020/8/24,27.2,4,0,0,6.7,2.7,27.9,79,5
2020/8/25,27.8,4,0,0,7.2,2.7,27.8,75,6.3
2020/8/26,28.8,4,0,0,10.4,2.7,30,77,6
2020/8/27,29.3,2,0,0,7.4,3.1,32.1,79,4.5
2020/8/28,30.2,4,0,0,7.7,3.3,32.4,76,4.3
2020/8/29,30.3,4,0,0,11.7,3.3,31.2,73,3.8
2020/8/30,30,4,0,0,9.4,3.3,30.6,73,4.5
2020/8/31,27.5,3,1,1,3.4,2.9,29.1,80,8.3
2020/9/1,24.9,3,1,1,0.5,2.3,26.8,85,10
2020/9/2,26.8,2,7.5,1,1.4,2.5,32.6,93,10
2020/9/3,28.4,2,3.5,1,4.9,4.2,32.9,85,8.5
2020/9/4,29.3,4,0,0,10.7,3,30.7,76,7.5
2020/9/5,28.6,4,8.5,1,7.3,2.8,30.5,79,6.5
2020/9/6,25.7,3,25.5,1,2.3,2.7,30.9,94,9.8
2020/9/7,26.7,3,19,1,1.4,4.4,32.6,93,9.5
2020/9/8,29.5,4,0,0,10.1,5.1,29.7,73,4
2020/9/9,29,4,0.5,1,11.3,3.7,28.6,72,2.8
2020/9/10,27.7,3,0,0,3.9,3.8,29.6,80,9
2020/9/11,28.3,4,0,0,6,3.1,30.1,79,6.8
2020/9/12,23.7,2,14.5,1,0,2.5,28.5,97,10
2020/9/13,23.3,2,0.5,1,1.3,2.4,25.4,89,7.5
2020/9/14,23.4,2,0.5,1,0.7,2.3,24.7,86,10
2020/9/15,23.8,3,0.5,1,2.3,2,23.9,82,9
2020/9/16,24,3,2,1,0.7,2.1,24.1,81,9.8
2020/9/17,24.9,3,0,0,1.1,2.1,27.6,88,9.5
2020/9/18,29,3,0,0,4.4,5.5,29.7,74,9
2020/9/19,24.7,3,0,0,0,2.9,24.5,78,8.8
2020/9/20,22.2,3,0.5,1,0,2,21.3,80,10
2020/9/21,22,3,0.5,1,3.9,2.1,20.5,78,6
2020/9/22,22.5,3,3.5,1,5.5,2.5,20.5,76,9
2020/9/23,20.2,2,7.5,1,0,2.7,22.5,95,10
2020/9/24,19,2,10,1,0,3.2,20,92,10
2020/9/25,19.4,2,5.5,1,0,3.2,21.3,95,10
2020/9/26,18.5,2,6,1,0,2.1,20.7,97,10
2020/9/27,19.7,3,0.5,1,1.3,1.6,20.2,88,9.8
2020/9/28,21.5,4,0,0,10.8,2.5,17.6,71,3.5
2020/9/29,19.7,3,0,0,3.5,3,15.4,67,10
2020/9/30,20,4,0,0,10.4,2.6,15,66,3.8
2020/10/1,19.5,2,1,1,2.2,1.7,19,85,7.8
2020/10/2,21,4,0,0,10.7,2.5,17.4,72,2.8
2020/10/3,21.7,3,0,0,3.9,1.7,19,74,8.5
2020/10/4,22,3,0,0,1.5,2,20.3,77,10
2020/10/5,21.7,2,0,0,1.5,2,20.9,81,10
2020/10/6,21,3,0,0,2.7,2.6,12.9,52,8.3
2020/10/7,18.3,2,6,1,3.2,2.7,15,73,8.5
2020/10/8,14.7,2,44,1,0,2.4,16.6,99,10
2020/10/9,14.5,2,38,1,0,2.8,16.4,99,10
2020/10/10,16,2,73.5,1,0,2.7,18.2,100,10
2020/10/11,19.8,3,0.5,1,0.4,2.7,21,91,10
2020/10/12,21.5,3,0,0,2.5,2.1,22.1,87,9.5
2020/10/13,22.1,4,0,0,4.2,2.5,20.9,79,8.5
2020/10/14,20.3,3,0,0,0.7,2.3,15.9,67,10
2020/10/15,16.8,2,1,1,0,2.7,16,83,10
2020/10/16,16.1,3,0,0,4.1,2.9,10.8,59,9.5
2020/10/17,12.7,2,23,1,0,2.2,13.6,93,10
2020/10/18,14.3,3,0.5,1,4.2,2.1,13.4,83,7
2020/10/19,13.1,2,9,1,0,2.4,13.4,89,7.5
2020/10/20,15.6,3,0,0,7.7,2.3,12.9,75,5.3
2020/10/21,16,4,0,0,7.5,2.6,12.3,69,4.8
2020/10/22,17.4,3,0,0,3,2.3,14,70,10
2020/10/23,16.8,2,8.5,1,0,2,18,93,10
2020/10/24,17.3,4,0,0,7.8,3.1,11.1,56,5
2020/10/25,15.5,4,0,0,8.4,2.6,9.4,55,1.5
2020/10/26,16.2,4,0,0,8.6,2,11.5,65,6.3
2020/10/27,16.7,4,0,0,6,2.2,12.2,65,8.3
2020/10/28,16.6,3,0,0,2.2,1.7,13.8,73,8
2020/10/29,17.3,4,0,0,9.7,2.9,10.6,55,4.8
2020/10/30,14.9,3,0,0,1.6,3.2,8.1,47,6.3
2020/10/31,13.8,4,0,0,9.6,2.4,8.3,54,0
2020/11/1,14.3,3,0,0,2.7,2.1,11.1,69,7.5
2020/11/2,15.6,2,2.5,1,2.7,1.8,13.8,78,8
2020/11/3,14.8,3,4.5,1,0.2,1.8,15.6,92,10
2020/11/4,13.7,4,0,0,8.6,3,7.3,47,2
2020/11/5,13.4,4,0,0,9.2,2.1,8.5,56,0.5
2020/11/6,12.8,3,0,0,0.4,1.7,9.9,67,9.8
2020/11/7,15.5,3,0,0,1.2,1.6,13.8,77,9.5
2020/11/8,17.3,3,2.5,1,1.1,1.8,14.8,75,10
2020/11/9,13.5,4,0,0,2.9,3.1,6.8,44,4.3
2020/11/10,11.9,4,0,0,8.7,2.4,6.8,50,2.8
2020/11/11,11.9,4,0,0,9.1,3.1,6.5,48,1.5
2020/11/12,10.2,3,0,0,0.5,2.2,7.9,63,7.3
2020/11/13,13.7,4,0,0,8.7,1.7,10.5,67,3.8
2020/11/14,14.7,4,0,0,9.3,2.4,8.9,56,0
2020/11/15,13.4,4,0,0,9.2,2.5,10,65,3.8
2020/11/16,14.7,4,0,0,9.2,1.5,11.1,66,3
2020/11/17,15.2,4,0,0,8.5,2.3,10.6,62,0.5
2020/11/18,15.8,4,0,0,8.3,2,13.8,77,5.3
2020/11/19,19.1,4,0,0,7,3.6,16.5,74,8.5
2020/11/20,21.9,3,0,0,0.4,5.5,19.1,73,10
2020/11/21,16.6,4,0,0,9.1,3.6,8.7,46,2.5
2020/11/22,15,4,0,0,8,2.8,11.6,66,1.3
2020/11/23,15.5,4,0,0,5.6,2.6,9.3,54,7.5
2020/11/24,11.8,3,0,0,0,2.7,7.8,56,10
2020/11/25,10.5,2,5,1,0,2.3,11.9,94,10
2020/11/26,12.8,4,0,0,8,1.5,11.7,81,4.8
2020/11/27,11.6,3,0,0,1.2,2.5,10.6,78,9.5
2020/11/28,11.8,4,0,0,8.8,3.5,7.5,56,5
2020/11/29,10.1,3,0,0,1.2,2,6.9,56,8
2020/11/30,9.9,4,0,0,6.8,1.8,8.3,69,6.3
2020/12/1,10.2,4,0,0,8.8,2,8,66,0.8
2020/12/2,8.2,3,8,1,0,2.3,8.7,81,9.8
2020/12/3,8.1,3,0,0,0,2.1,9.8,91,8
2020/12/4,9.2,4,0,0,7.1,2.1,6.9,61,5.3
2020/12/5,6.6,2,3.5,1,0,2.1,8.4,86,10
2020/12/6,8.2,4,0,0,5.8,1.6,8.5,80,4.8
2020/12/7,9.7,4,0,0,8.8,1.5,8.3,71,0.8
2020/12/8,11.4,4,0,0,6.7,2,8.6,66,5
2020/12/9,9.8,3,0,0,0.7,2.1,7.3,61,10
2020/12/10,9.3,2,0,0,0.4,2.2,8.4,72,7.5
2020/12/11,10.2,3,0,0,4.3,1.7,9.4,76,5.5
2020/12/12,11.4,3,0,0,2.3,2,9.4,70,10
2020/12/13,9.9,4,0,0,6.2,1.7,8.6,72,3.5
2020/12/14,8.5,3,0,0,4.6,2.7,6.7,62,8.5
2020/12/15,6.1,4,0,0,7,2.5,4.1,45,4.5
2020/12/16,4.6,4,0,0,6.1,1.9,3.5,43,2.8
2020/12/17,4.3,4,0,0,8.9,2.7,3.3,42,0.3
2020/12/18,6.1,4,0,0,8.6,1.7,5,52,2.5
2020/12/19,5.8,3,0,0,2.2,2.6,4.4,48,5.8
2020/12/20,4.4,4,0,0,8.9,2.8,3.6,45,0.8
2020/12/21,5.3,4,0,0,9,1.7,3.5,40,0
2020/12/22,5.6,4,0,0,8,1.8,5.4,61,1.8
2020/12/23,7.7,4,0,0,8.9,2,5.5,54,2.5
2020/12/24,8,3,0,0,1.7,1.9,5.9,56,7.5
2020/12/25,8.7,4,0,0,8.3,2.2,5.4,49,5.5
2020/12/26,6.4,4,0,0,8.8,1.7,4.8,51,2.3
2020/12/27,7.8,3,0,0,6.8,1.9,6.2,59,7.8
2020/12/28,8.5,3,0,0,4,1.6,7.9,72,5.5
2020/12/29,8.7,3,0,0,4.5,1.6,7.4,66,5.8
2020/12/30,6.9,2,1.5,1,1.6,3.4,6.9,68,10
2020/12/31,3.4,4,0,0,8.9,3.3,2.6,34,0.8
2021/1/1,4.4,4,0,0,8.7,1.5,3.2,40,0
2021/1/2,4.8,4,0,0,8.8,2,4.5,53,2
2021/1/3,3.7,4,0,0,8.8,1.6,4.1,52,4
2021/1/4,5.8,4,0,0,7.7,1.8,4.7,52,4.8
2021/1/5,6,3,0,0,1,1.7,6.4,67,10
2021/1/6,5.3,3,0,0,0.4,2.4,6.5,73,10
2021/1/7,6.3,4,0,0,7.4,4,4.3,47,7.5
2021/1/8,2.4,4,0,0,5.4,1.8,3,42,4
2021/1/9,2.9,4,0,0,8.5,2.3,2.2,31,2
2021/1/10,2.6,4,0,0,8.9,2,3.1,44,2.3
2021/1/11,2.3,3,0,0,0.8,2,3.4,47,7.5
2021/1/12,3.4,1,0,0,0,2.3,5.3,68,10
2021/1/13,5.8,4,0,0,9.1,1.8,5.6,64,1.3
2021/1/14,7.9,4,0,0,9,1.8,5.8,55,0
2021/1/15,6.6,3,0,0,0,2.1,6.6,68,7.5
2021/1/16,10,4,0,0,8.8,2.7,7.4,61,3.3
2021/1/17,6.1,3,0,0,0.2,2.2,4.9,52,9.8
2021/1/18,4.3,3,0,0,5.4,2,5.5,67,5
2021/1/19,4.4,4,0,0,9.2,4.1,3.3,40,0
2021/1/20,3.9,4,0,0,9.2,2.8,3.3,41,0.3
2021/1/21,4.8,4,0,0,9.1,1.8,4.6,53,4
2021/1/22,8.7,4,0,0,7.7,1.4,5.2,48,6.5
2021/1/23,6.4,2,19,1,0,3.1,8.1,85,10
2021/1/24,4.3,2,13,1,0,3.6,8,95,10
2021/1/25,7.6,3,1.5,1,8.8,1.9,7.5,74,7.3
2021/1/26,7.5,3,0,0,2.2,1.7,7.6,73,5.8
2021/1/27,10.3,3,1,1,0.8,2.5,8.3,68,9.5
2021/1/28,4.4,1,9,1,0.2,2.5,6.4,78,10
2021/1/29,5.3,4,0,0,7.5,3.2,4.6,54,4.5
2021/1/30,4.1,4,0,0,9.4,2.9,2.8,36,0
2021/1/31,5.4,4,0,0,9.4,2.6,3.7,42,0
2021/2/1,7.2,3,0,0,4.5,2.7,6.1,57,6.5
2021/2/2,8.8,2,12,1,4.2,3.2,7.8,67,7.3
2021/2/3,6.2,4,0,0,9,2,3.9,42,1.3
2021/2/4,7,4,0,0,9.5,2.9,4.1,42,0
2021/2/5,7.1,4,0,0,8.9,2.4,5.4,53,4
2021/2/6,8.9,4,0,0,9.4,1.7,6.1,55,1.8
2021/2/7,9.9,4,0,0,9.1,2.4,5.9,49,2
2021/2/8,6.1,3,0,0,2.7,3.2,3.8,41,5.8
2021/2/9,4.7,4,0,0,9.7,4,2.7,32,0
2021/2/10,6.7,4,0,0,8,2.3,4.7,48,5
2021/2/11,8.7,4,0,0,9.4,3.5,4.8,44,3.5
2021/2/12,7.8,3,0,0,1.5,1.9,6,56,10
2021/2/13,10.4,4,0,0,9.4,2.4,8.3,66,5
2021/2/14,12.3,4,0,0,6.4,2.9,9.1,64,5.8
2021/2/15,11.4,2,76.5,1,0.6,2.7,12.3,91,7.5
2021/2/16,10.6,4,0,0,10,3,4.7,38,0
2021/2/17,7.6,4,0,0,7,4,3.9,37,2.3
2021/2/18,4.3,4,0,0,7,2.9,2.8,35,4.3
2021/2/19,6.9,4,0,0,10,3.2,4.2,41,0.3
2021/2/20,10.2,4,0,0,9.9,3.3,5.6,47,0
2021/2/21,13.9,4,0,0,9.9,2.3,8.8,56,0
2021/2/22,14.9,4,0,0,10.2,2.7,8.5,53,1.5
2021/2/23,11,4,0,0,9.7,4.3,5.2,39,3.8
2021/2/24,6.4,4,0,0,10.1,4.3,3.2,34,7
2021/2/25,6.6,4,0,0,8.5,3,4.5,45,4.5
2021/2/26,8.7,3,0,0,0,2.7,4.8,43,10
2021/2/27,5.7,3,0,0,9.9,3.7,3.4,38,5.3
2021/2/28,6.6,4,0,0,10.4,2.4,5.5,54,3.3
2021/3/1,11.8,3,0.5,1,7.3,3.3,9.2,64,7
2021/3/2,13.5,2,9.5,1,0.2,5.6,13.4,82,10
2021/3/3,7.4,4,0,0,10.8,4.6,4.4,43,5
2021/3/4,9,4,0,0,8.4,2.4,7,60,9
2021/3/5,11.8,2,2,1,3.6,1.7,10.6,78,9.8
2021/3/6,13.8,3,0.5,1,4.9,2.3,10.7,70,10
2021/3/7,7.8,3,0,0,0.2,2.9,5.9,56,10
2021/3/8,6.6,2,5.5,1,0,2.6,8.4,87,10
2021/3/9,9.6,2,0,0,3.7,2.2,8.4,70,10
2021/3/10,12,4,0,0,10.3,3.5,6.1,45,3
2021/3/11,9.9,4,0,0,10.7,2.4,6.5,52,2.5
2021/3/12,12.7,3,0,0,2.8,1.9,9.3,63,10
2021/3/13,11.1,2,65,1,0,3.3,12.6,95,9.5
2021/3/14,12.5,4,0,0,10.8,5.6,6.4,46,0.8
2021/3/15,12.9,4,0,0,11.3,3.8,5.1,34,0.3
2021/3/16,14.5,3,0,0,7.7,2.8,7.9,46,8.5
2021/3/17,13.7,4,0,0,9.6,3.6,5.8,38,2.5
2021/3/18,12.3,4,0,0,10.9,2.6,7.3,49,2
2021/3/19,12.9,4,0,0,7.6,2.7,8.6,57,8
2021/3/20,14.1,3,0,0,1,2,11,68,10
2021/3/21,16.7,2,46.5,1,0,5.2,18.1,95,10
2021/3/22,12.1,2,0.5,1,1.8,3.5,7.5,54,10
2021/3/23,10.8,4,0,0,11.6,2.9,6,46,0.5
2021/3/24,13.8,4,0,0,11.5,3.5,9.4,61,5
2021/3/25,14.5,2,0.5,1,2,3,12.3,76,10
2021/3/26,14.5,4,0,0,10.8,3.4,6.7,42,2.5
2021/3/27,13.7,4,0,0,10.2,3.3,7.7,49,7.3
2021/3/28,16.5,2,8,1,0,4.5,15.1,80,10
2021/3/29,17.5,4,34.5,1,10.5,2.7,16.6,84,7.5
2021/3/30,17.8,3,0,0,3.1,2.4,15.3,76,9.8
2021/3/31,17.9,4,0,0,9.9,3.2,10.8,54,5
2021/4/1,16.6,3,0,0,6.5,2.8,11.4,61,7.8
2021/4/2,16,3,0,0,1,2.6,11.4,63,9.8
2021/4/3,16.9,4,0,0,8.1,2.7,12,63,5.8
2021/4/4,18.5,4,10.5,1,3.3,4.1,15.7,75,9
2021/4/5,12.9,2,18,1,0,3.2,13.6,89,8
2021/4/6,10.6,3,0,0,2.5,2.8,8.2,65,7
2021/4/7,13.3,4,0,0,10.9,2.5,8.8,59,2.8
2021/4/8,13.3,2,2.5,1,8.2,3.4,9.8,65,5
2021/4/9,11.9,4,0,0,5.3,3.1,6.1,46,5.8
2021/4/10,10.4,4,0,0,9.3,3,5.3,42,4.3
2021/4/11,12.5,4,0,0,11.9,2.7,8.2,58,0.5
2021/4/12,14.4,4,0,0,9.9,3,9.5,60,6
2021/4/13,15.7,3,0.5,1,0.7,3.8,14.2,79,10
2021/4/14,15.3,2,36,1,0,3.6,17,96,10
2021/4/15,10.7,4,0,0,10.1,3.1,6.6,53,6.5
2021/4/16,13.7,3,0,0,1.7,2.6,10,64,9.5
2021/4/17,15.7,3,33.5,1,0,3.2,14.2,80,10
2021/4/18,16.4,4,15,1,12.2,4.2,8.9,51,3
2021/4/19,15.8,4,0,0,12.1,3.5,7.1,41,0
2021/4/20,17.2,4,0,0,12.1,2.5,9.8,52,2.5
2021/4/21,19.1,4,0,0,12.3,3.1,7.7,35,0
2021/4/22,18.1,4,0,0,8.7,4.2,5.8,32,3.3
2021/4/23,13.8,4,0,0,12.4,3.1,7.9,52,1.5
2021/4/24,15.3,3,0,0,11,2.6,9.7,57,8.3
2021/4/25,16.9,3,0,0,5.7,3.1,11.3,58,6
2021/4/26,13.4,4,0,0,12.6,3.3,5.2,35,1.8
2021/4/27,14.6,3,0,0,10.1,3.5,9.2,54,4.8
2021/4/28,18.2,3,0,0,8,3.8,12.9,63,7.8
2021/4/29,17.2,2,37,1,0,4.4,17.8,91,10
2021/4/30,18.8,4,3,1,11.9,3.4,13.2,64,5
2021/5/1,17.7,2,8,1,7.9,4,14.5,73,6.8
2021/5/2,16.3,4,2,1,7.8,4.2,12.2,66,5.5
2021/5/3,16.4,2,0,0,9.2,3.7,7.8,42,5.3
2021/5/4,18,4,0,0,11.4,2.6,10.3,52,5
2021/5/5,18.3,2,3,1,1.6,5.3,14.9,72,9.3
2021/5/6,18.5,3,3.5,1,6.7,2.8,15.7,75,10
2021/5/7,17.5,2,1,1,0.7,1.8,16.6,83,10
2021/5/8,19.5,4,0,0,7.2,2.9,15.8,71,5.5
2021/5/9,23,4,0,0,7.8,4.3,15.3,56,4.8
2021/5/10,20.2,4,0,0,9.4,3.4,10,43,6.8
2021/5/11,17.5,3,0,0,0.6,2.3,11.7,58,9.8
2021/5/12,17.9,3,0,0,3,3.1,11.5,56,10
2021/5/13,16.1,2,12,1,0,1.8,17.3,94,10
2021/5/14,20.8,3,0,0,10.9,2.4,18.5,77,10
2021/5/15,21.2,3,0,0,7.1,3.7,17.8,72,9
2021/5/16,20,3,1,1,1.2,3.5,19.1,82,9.5
2021/5/17,23,3,0.5,1,0,6.1,24.8,88,9.3
2021/5/18,20.5,3,1,1,0,2.6,21.6,90,9.8
2021/5/19,17.2,2,9.5,1,0,1.5,19.2,98,10
2021/5/20,19.1,3,2,1,0.3,1.6,20.3,93,10
2021/5/21,21.7,2,5,1,0,4.9,23.9,92,10
2021/5/22,20,3,2,1,0.1,3.3,19.3,83,10
2021/5/23,19.6,4,5.5,1,9.8,3,17.3,77,5.8
2021/5/24,22.1,3,0,0,5,2.9,17.1,65,8.8
2021/5/25,22.4,4,0,0,10.7,3.6,17.5,66,7.5
2021/5/26,21.1,3,0,0,10.4,2.8,14.9,61,10
2021/5/27,16.9,2,35.5,1,0,2.1,18,94,10
2021/5/28,20.5,3,0,0,4.2,2.9,17.7,75,10
2021/5/29,22.8,3,0,0,4.7,3.4,18,67,8
2021/5/30,21.2,2,0.5,1,4.7,2.8,17.9,71,8.5
2021/5/31,20.6,3,7.5,1,8.1,3.1,16.2,68,8.3
2021/6/1,20.1,4,0.5,1,9.5,3.1,17,74,5
2021/6/2,22,3,0,0,3,3,18.4,70,10
2021/6/3,22.1,3,3,1,7.8,3.2,18.9,73,8
2021/6/4,21,2,23,1,0,5.2,24.1,97,10
2021/6/5,22.1,3,0,0,3.4,2.9,20.4,77,10
2021/6/6,21.7,2,0.5,1,0.3,1.8,21.5,83,10
2021/6/7,23.4,3,0,0,3.9,2,20.1,71,9.5
2021/6/8,24.8,2,0,0,9,2.2,19.6,64,6.8
2021/6/9,24.5,4,0,0,13.1,2.8,16.4,55,1.5
2021/6/10,24.1,4,0,0,13.2,2.7,18.7,64,0.8
2021/6/11,23.7,3,0,0,9.6,3.4,19.5,68,9.5
2021/6/12,23.3,4,0,0,4.8,3.7,20.7,73,8.5
2021/6/13,24.3,2,0,0,3.2,2.7,20.6,68,10
2021/6/14,21,2,3.5,1,0,2.2,22.9,92,10
2021/6/15,23.4,4,1,1,7.2,2.5,22.4,80,7
2021/6/16,22.2,2,30.5,1,0,2.3,23.4,87,10
2021/6/17,21.8,2,3.5,1,4.8,2.7,20,77,8.3
2021/6/18,22.8,3,0,0,7.9,3,19.2,69,10
2021/6/19,20.3,2,12,1,0,2.9,22.7,95,10
2021/6/20,22.8,2,14.5,1,1,2.4,23.2,85,10
2021/6/21,22.9,3,0,0,5.3,2.6,20.6,74,7.3
2021/6/22,23.1,3,0,0,3.2,2.9,21.4,76,8.5
2021/6/23,22,3,1.5,1,0.1,2.2,21.5,82,10
2021/6/24,22.8,3,0,0,3.3,2.8,21.5,78,8.8
2021/6/25,23.3,3,19,1,3.9,2.7,22.5,79,8.8
2021/6/26,24.2,3,0,0,4,2,22.1,74,10
2021/6/27,23.7,3,0,0,0.8,2.1,22.9,78,10
2021/6/28,24.4,4,0,0,7.8,2.5,21.8,73,7.5
2021/6/29,21.9,3,53,1,1.5,2.9,23.2,90,9.5
2021/6/30,20.6,3,3,1,0,1.9,22,91,10
2021/7/1,20.9,2,64.5,1,0,1.8,24.1,98,10
2021/7/2,21.2,2,68,1,0,1.4,25.2,100,10
2021/7/3,22.2,2,53.5,1,0.3,2.1,24.6,92,10
2021/7/4,20.1,2,17.5,1,0,1.5,23.2,98,10
2021/7/5,22.1,3,2.5,1,0.6,1.3,25.6,96,10
2021/7/6,24.7,3,0.5,1,0.2,1.6,28.3,91,10
2021/7/7,25.8,2,0.5,1,1.9,2,27.9,85,9.8
2021/7/8,23.7,2,7.5,1,0,2.2,27.1,93,10
2021/7/9,23.5,2,9,1,0,1.4,28.9,100,10
2021/7/10,27,4,4.5,1,9,2.5,30.1,86,8.5
2021/7/11,24.7,2,17.5,1,3.1,1.7,28.1,91,6.3
2021/7/12,25.8,3,0,0,7.9,2,26.9,82,8
2021/7/13,25.5,3,0,0,1.6,2,26.5,81,10
2021/7/14,25.3,3,0,0,0.9,2.4,26.3,82,10
2021/7/15,26.4,3,0,0,5,2.5,27.3,80,9
2021/7/16,27.7,3,0,0,8,2.7,28.3,77,6.3
2021/7/17,27.4,4,0,0,9.6,2.8,26.3,74,4.3
2021/7/18,28.1,4,0,0,12.9,3.7,28.7,76,2.8
2021/7/19,29.2,4,0,0,11,2.7,30,75,3.3
2021/7/20,28.8,4,0,0,9.8,2.9,28.2,72,9
2021/7/21,28.4,4,0,0,10.6,2.8,26.6,70,4.3
2021/7/22,28.4,4,0,0,11.3,2.9,26.1,69,2.3
2021/7/23,28.4,4,0,0,8.7,2.9,27,71,6
2021/7/24,28.5,4,0,0,7.3,2.9,27.7,72,4.8
2021/7/25,28.5,4,0,0,10.4,2.5,26.7,70,4.5
2021/7/26,27.5,3,0,0,5.4,2.9,24.1,66,9.5
2021/7/27,24.9,2,34.5,1,2.7,3.1,26.2,84,8.5
2021/7/28,27.7,3,0,0,6.8,3.4,29.1,79,8
2021/7/29,27.8,3,0,0,4.5,3.6,29.3,79,8
2021/7/30,25.8,3,30,1,2.1,2.4,30.7,93,9.3
2021/7/31,27.5,4,0,0,8.6,2.2,27.6,77,7
2021/8/1,28.7,4,0,0,12,3.2,29.6,76,2.3
2021/8/2,28.6,4,0.5,1,7.6,3.4,30.9,80,7
2021/8/3,29,2,3,1,7.6,4,31.6,80,6.3
2021/8/4,29.5,4,0,0,11.5,3,30.7,76,2.8
2021/8/5,29.1,4,0,0,11.7,2.8,29,74,5.8
2021/8/6,29.1,4,0,0,9.9,2.9,29.5,75,4
2021/8/7,27.9,3,2,1,1.5,2.5,32,85,9
2021/8/8,25.9,2,90.5,1,0.1,3,32.3,97,10
2021/8/9,28.1,3,2,1,3.9,6.1,31.9,84,6
2021/8/10,31,4,0,0,9.2,4.7,26.1,58,4.8
2021/8/11,29.2,4,0,0,8.8,2.9,24.7,61,9.3
2021/8/12,26,3,0.5,1,0.7,2.4,28.3,84,9.5
2021/8/13,22.5,2,20.5,1,0,2.7,26.4,97,10
2021/8/14,22.3,2,77,1,0,2.7,27,100,10
2021/8/15,19.3,2,138.5,1,0,2,22.4,100,10
2021/8/16,20.7,2,2,1,0,1.8,23.8,98,10
2021/8/17,23.7,2,23.5,1,1.2,2.4,28,96,10
2021/8/18,27,2,3,1,5.8,5.2,29.5,83,6.5
2021/8/19,28.5,4,0,0,11.3,4.8,28.3,74,5.8
2021/8/20,28.7,4,0,0,10.9,4.4,27.7,71,2.8
2021/8/21,27.9,3,0,0,4.6,3.2,28.3,75,8.8
2021/8/22,28.5,3,0,0,4.6,2.5,29.4,76,10
2021/8/23,26.9,4,2.5,1,4.2,2.3,29.7,84,10
2021/8/24,27.5,3,0,0,4.2,2.8,28.6,78,9.8
2021/8/25,29.4,3,0,0,5.4,2.5,31,76,8.8
2021/8/26,30.5,3,0,0,8.1,2.3,32.1,75,4.8
2021/8/27,30,4,0,0,9,2.5,31.3,74,2.8
2021/8/28,29.8,4,0,0,8.9,2.4,31.5,76,3
2021/8/29,28.5,3,0,0,1.1,2.7,28.1,72,7.3
2021/8/30,29.2,4,0,0,8.9,2.8,31.8,79,4.8
2021/8/31,26.9,3,17,1,2.9,2.9,26.5,76,10
2021/9/1,20.7,3,3,1,0,2.2,23.2,95,10
2021/9/2,19.4,2,18.5,1,0,2.1,22.3,99,10
2021/9/3,19.7,2,17,1,0,2.2,22.8,99,10
2021/9/4,20.6,2,14,1,0,2.2,23.5,97,10
2021/9/5,21,2,10,1,0.3,2.7,21.6,87,9.3
2021/9/6,19.9,3,8.5,1,0,2.4,20,86,9.8
2021/9/7,20.4,3,0,0,4,2.5,17,71,8
2021/9/8,20.3,2,0.5,1,1.9,1.5,19.8,83,10
2021/9/9,20.5,2,14,1,0,1.6,23.3,96,10
2021/9/10,24.8,4,0,0,7.4,2.5,24.9,81,4
2021/9/11,25,3,0,0,1.2,1.6,26.9,85,10
2021/9/12,24.4,2,0,0,0,1.9,27.2,89,10
2021/9/13,25.2,3,0,0,8.8,2.6,22.2,71,10
2021/9/14,22.8,2,5.5,1,0,2.1,23.2,84,10
2021/9/15,22.9,4,1.5,1,5.8,2.3,22.5,82,8
2021/9/16,22.3,4,0,0,3.7,2.9,19.6,74,4.5
2021/9/17,22.3,3,0,0,0.3,2.4,21,78,10
2021/9/18,23.7,2,124.5,1,0.2,3.5,28.7,98,10
2021/9/19,23.9,4,0,0,9.8,3.1,21.4,74,3.5
2021/9/20,22.4,4,0,0,11.8,2.5,18.3,69,0.3
2021/9/21,22.7,4,0,0,5.8,2.2,20.4,75,6
2021/9/22,24.9,2,1,1,4.4,3.1,26.7,85,8.5
2021/9/23,26.6,4,0,0,9.3,2.3,26.3,77,5.3
2021/9/24,25.4,4,0,0,9.8,2.7,19.7,62,5.3
2021/9/25,22.1,3,0,0,0.3,3.5,19.5,73,9.5
2021/9/26,19.9,3,0,0,0,2.2,17.5,76,8.3
2021/9/27,20.1,3,0,0,2.9,2.7,17.7,75,6
2021/9/28,21.1,3,0,0,3.5,2.4,18.2,73,8.5
2021/9/29,21.9,4,0,0,4.7,2.1,20.3,78,7.3
2021/9/30,23.2,2,4.5,1,4.8,2,23.2,83,7.8
2021/10/1,19,2,113,1,0,3.8,20,91,10
2021/10/2,21.9,4,2,1,10.2,2.3,19.6,77,1.8
2021/10/3,22.1,4,0,0,10,2.4,19.6,75,1
2021/10/4,23.5,4,0,0,6.6,2.8,22,77,5.8
2021/10/5,23.9,4,0,0,9.9,2.8,21.9,75,5
2021/10/6,22.8,4,0,0,6.6,2.8,20.4,74,7.5
2021/10/7,21.3,3,0,0,0.1,1.7,20.3,80,10
2021/10/8,24.2,4,0,0,9.2,2.4,22.7,75,3.8
2021/10/9,22.7,3,0,0,3,3,22.7,83,7.8
2021/10/10,22.2,2,0,0,4.5,2.3,21.5,80,6.8
2021/10/11,24,4,0,0,9.1,2.6,23.4,80,1.3
2021/10/12,20.5,2,2.5,1,0,3.1,21.7,90,10
2021/10/13,17.4,2,10.5,1,0,2.3,19.2,97,10
2021/10/14,19.1,3,0,0,6.3,2,17.8,82,5.3
2021/10/15,20.7,4,0,0,7,1.9,19.3,80,5
2021/10/16,21,2,0.5,1,0.3,2.1,22.4,90,10
2021/10/17,15.7,2,13.5,1,0,3.3,15.4,84,8
2021/10/18,13.6,4,0,0,9.4,3,9,58,5.8
2021/10/19,13.5,2,9,1,0,2.6,11.6,75,10
2021/10/20,16.1,4,0,0,10.2,3.5,10.8,62,3
2021/10/21,15.4,3,0,0,4.6,2.6,8.9,51,6.8
2021/10/22,11.2,2,9.5,1,0,2.3,12.2,92,10
2021/10/23,13.6,4,0,0,10,3.2,9.4,63,1.8
2021/10/24,13.4,4,0,0,9.3,1.7,9.4,63,2
2021/10/25,14,3,5.5,1,1.7,2.3,11,70,10
2021/10/26,15,2,30,1,6,2.8,14.2,85,7.3
2021/10/27,14.5,3,1,1,0.1,1.5,15.1,91,8.5
2021/10/28,17.6,4,0.5,1,9.7,2.2,12.1,62,4.5
2021/10/29,15.3,4,0,0,9.6,2.6,9.1,53,0.3
2021/10/30,14.5,4,0,0,9.6,2,10,61,2.5
2021/10/31,13.6,2,2,1,0,1.6,12.5,80,9.3
2021/11/1,16.8,3,0,0,3.7,1.8,15.5,81,10
2021/11/2,17.7,3,0,0,5.3,1.9,15.7,78,8.5
2021/11/3,17.1,4,0,0,8,2,11.5,61,6
2021/11/4,15.5,4,0,0,8.2,1.8,9.9,57,7
2021/11/5,15.3,4,0,0,9.3,2.1,10.4,61,0
2021/11/6,14.9,4,0,0,8.8,2,10.9,66,3.8
2021/11/7,15.7,3,1,1,4.6,2.4,13,73,9.5
2021/11/8,16.4,4,1.5,1,6.7,2.4,14.4,79,7.5
2021/11/9,16.1,2,47.5,1,0,2,18.3,99,10
2021/11/10,16,4,0,0,7.3,3.3,10.8,60,4.8
2021/11/11,15.4,4,0,0,9.4,2.9,8.6,49,0
2021/11/12,14.5,4,0,0,9,2.1,8.3,52,4.8
2021/11/13,13.1,4,0,0,9.4,2.2,8.2,55,0.5
2021/11/14,14,4,0,0,8.8,1.9,9.8,62,6.8
2021/11/15,14.3,4,0,0,9.3,1.7,9,57,0
2021/11/16,14.2,3,0,0,5.6,2.2,10.8,66,9.8
2021/11/17,13.5,4,0,0,8.4,2.1,9.1,60,5.5
2021/11/18,12.6,3,0,0,4,1.8,10.5,72,7.8
2021/11/19,12.5,4,0,0,7.5,1.8,10.3,73,8.8
2021/11/20,13.2,4,0,0,9,2,10.3,69,0
2021/11/21,12.5,2,12.5,1,0.2,1.5,12,83,7.5
2021/11/22,13.5,3,24.5,1,0,2.2,15.3,98,10
2021/11/23,12.5,4,0,0,4.7,2.5,8.4,58,6.3
2021/11/24,11.4,4,0,0,9,2.9,6.5,48,0
2021/11/25,12.3,4,0,0,9.2,2.3,7.3,51,0
2021/11/26,12,4,0,0,9,2,8.2,59,0
2021/11/27,9.6,4,0,0,7.2,3.7,5.6,48,0.3
2021/11/28,8.9,4,0,0,9.1,2.9,5.6,51,0
2021/11/29,8.1,3,0,0,8.4,1.6,6.3,59,5
2021/11/30,11,4,6,1,7.6,2.1,9.8,72,3.8
2021/12/1,15.5,2,54.5,1,5.6,3.6,12.4,67,7.3
2021/12/2,10.1,4,0,0,8.9,2.6,5.4,44,2.3
2021/12/3,9.7,4,0,0,8.9,2.1,7,58,1
2021/12/4,9.9,4,0,0,8.8,1.6,6.6,55,0
2021/12/5,8.6,4,0,0,7.1,2.6,5.7,51,5.3
2021/12/6,8.9,3,0,0,0,2.4,7.6,66,10
2021/12/7,11.8,3,9.5,1,0,2.4,11.8,86,10
2021/12/8,9.5,2,36.5,1,0,3.6,11,92,10
2021/12/9,10.2,4,0,0,7,2.8,8.2,66,7.3
2021/12/10,8.6,3,0,0,4.8,2,7.7,69,10
2021/12/11,9.4,4,0,0,8.9,1.5,8.5,73,0.8
2021/12/12,11.3,3,0,0,6.5,1.7,9.6,72,7
2021/12/13,9.7,4,0,0,8.9,3.7,5.5,46,0.3
2021/12/14,5.1,3,5.5,1,0.8,2.1,6.7,77,7.3
2021/12/15,7.6,4,0,0,8.9,1.2,7.4,73,0
2021/12/16,9.5,3,0,0,8,1.7,8,68,5.8
2021/12/17,8.7,3,6,1,0.4,2.8,9.1,80,7.5
2021/12/18,4.5,4,0,0,8.9,4.1,3.3,39,0
2021/12/19,4.3,4,0,0,8.9,1.4,4.4,53,0
2021/12/20,6.4,4,0,0,9,2,5.7,61,3
2021/12/21,8.2,4,0,0,9,1.6,7.2,66,0
2021/12/22,8.8,4,0,0,7.4,3.5,5.6,50,2
2021/12/23,8.3,4,0,0,8.4,3.5,4.5,41,2.5
2021/12/24,8,4,0.5,1,8.8,1.8,6.3,58,4
2021/12/25,8.3,2,3.5,1,4.5,2.2,7.5,68,9.3
2021/12/26,3.5,4,0,0,7.8,3.9,2.8,36,4
2021/12/27,2.7,4,0,0,8.5,2,2.9,40,0.5
2021/12/28,3.8,4,0,0,8.8,2.4,3.8,49,0
2021/12/29,4.2,4,0,0,7.8,1.6,4.5,54,7
2021/12/30,6.5,4,0,0,7.5,2,5,53,2.3
2021/12/31,3.2,4,0,0,3.7,3,3.9,51,4.3
2022/1/1,3.4,4,0,0,8.8,4.1,2.5,32,0
2022/1/2,3.5,3,0,0,6.2,2,4.2,52,2.5
2022/1/3,5.5,4,0,0,8.1,2.2,5,56,0.3
2022/1/4,5.2,4,0,0,8.9,2.5,4.7,56,0.3
2022/1/5,4.1,4,0,0,8.9,3.5,3,37,2.5
2022/1/6,0.7,1,6.5,1,0,2,4.6,74,7.8
2022/1/7,2.6,4,0,0,8.9,2.6,4.4,64,0.3
2022/1/8,4.5,4,0,0,8.9,1.9,4.4,53,1
2022/1/9,6.3,4,0,0,7.4,1.5,4.8,53,5
2022/1/10,7.7,3,0,0,0.3,2,6.4,60,9.8
2022/1/11,5.7,2,16,1,0,1.9,8.3,91,10
2022/1/12,5,4,0,0,9.1,3.5,4,46,0
2022/1/13,5.7,4,0,0,6.9,3.6,4,44,5.5
2022/1/14,4.4,4,0,0,9.2,4.5,3,38,0
2022/1/15,5.5,3,0,0,7.7,3,3.6,39,7.5
2022/1/16,5.4,4,0,0,9.1,1.6,5.4,60,0
2022/1/17,6,3,0,0,6.9,1.5,5.4,58,7.3
2022/1/18,4.4,4,0,0,9.2,3.8,3.2,39,0.3
2022/1/19,3.7,4,0,0,5.4,2.4,3.5,44,2.3
2022/1/20,3.4,4,0,0,8.7,3.4,4,53,0
2022/1/21,3,4,0,0,9,3.9,3.2,43,1
2022/1/22,4.5,4,0,0,9.2,2.4,3.6,43,2.5
2022/1/23,5.1,3,0,0,1.5,1.9,4.7,54,9.5
2022/1/24,6.4,3,0,0,8.3,2.6,5.1,53,7
2022/1/25,5.2,4,0,0,6.8,1.9,5.1,57,5
2022/1/26,5.5,3,0,0,3.5,1.9,7.5,83,5.8
2022/1/27,6.8,3,0,0,8.1,3.1,4.9,53,5.8
2022/1/28,6.6,3,0,0,3.6,2.5,4,41,7.3
2022/1/29,5.9,3,0,0,4.8,2.2,4.5,49,9
2022/1/30,5.2,3,0,0,4.2,2.6,3.8,44,9
2022/1/31,4.9,4,0,0,9.2,3.3,3.1,36,0.8
2022/2/1,5.6,4,0,0,9.2,2.5,4.2,46,0.8
2022/2/2,5.5,4,0,0,9.3,2.5,3.9,45,0.5
2022/2/3,5.8,4,0,0,7.8,1.8,3.8,42,5
2022/2/4,4.9,3,0,0,1,1.9,4.3,50,7.5
2022/2/5,3.5,4,0,0,6.1,3.5,3.4,45,2.5
2022/2/6,2.3,4,0,0,5.2,2.3,3.1,45,2.5
2022/2/7,4.5,4,0,0,8.1,2.4,2.9,36,1.8
2022/2/8,5.3,3,0,0,3.6,2,5,55,9.3
2022/2/9,6.2,4,0,0,9,2.6,4.7,50,6.5
2022/2/10,2.3,1,27,1,0,2.6,6.4,90,10
2022/2/11,4.1,4,2.5,1,8.7,2.8,6.2,77,4.8
2022/2/12,4.7,3,0,0,9.4,1.9,5.2,62,5
2022/2/13,3.1,2,22.5,1,0,1.9,6.6,86,7.5
2022/2/14,3.9,3,3.5,1,3.5,2.2,6.1,77,7.3
2022/2/15,5.5,4,0,0,5.3,1.9,6.5,72,3.3
2022/2/16,6,4,0,0,5.8,2.4,5.4,60,3.8
2022/2/17,4.6,4,0,0,8.8,3.1,2.8,34,3.3
2022/2/18,5.7,4,0,0,10,3.4,3.7,41,0
2022/2/19,5,2,6.5,1,1,1.8,6.3,72,7.5
2022/2/20,5.9,3,9,1,0.2,2.9,7.1,77,7.5
2022/2/21,4.1,4,0,0,9.5,3.7,2.7,34,0
2022/2/22,4.4,4,0,0,10,2.3,3.1,38,0.8
2022/2/23,4.4,4,0,0,8.9,2.4,3.1,38,2.3
2022/2/24,4.8,4,0,0,9.2,3.7,2.8,34,4
2022/2/25,6.5,4,0,0,10.7,2.4,3.1,34,0
2022/2/26,8.6,4,0,0,10.7,3,5.3,47,1.5
2022/2/27,9.5,4,0,0,10.5,3.4,5,44,2.5
2022/2/28,9.8,4,0,0,9.4,2.8,4.9,41,4.8
2022/3/1,11,3,0,0,7.9,2,6.5,51,6.8
2022/3/2,11.2,3,4,1,6.1,2.6,7.3,57,6.3
2022/3/3,9.5,4,0,0,8.3,2.4,7.4,64,5
2022/3/4,8.1,3,0,0,6.3,2.9,5.4,49,8.5
2022/3/5,11.2,4,0,0,10.2,3.2,7,55,2.8
2022/3/6,8.1,4,0,0,8.3,4.5,3.5,33,3
2022/3/7,8.3,4,0,0,10,3.8,3.8,35,5.8
2022/3/8,6.3,2,0.5,1,0,2.4,7,74,10
2022/3/9,7.9,4,0,0,9.2,2.2,6,58,6
2022/3/10,9,4,0,0,9.8,2.1,6.3,57,3.3
2022/3/11,12,4,0,0,10.3,2.6,8.1,59,4
2022/3/12,14.6,4,0,0,10.5,2.1,7.6,48,2
2022/3/13,14.7,3,0,0,5.3,2.6,10.9,65,10
2022/3/14,16.4,2,1,1,9.8,4,13,70,7
2022/3/15,12.7,3,0,0,7.4,2.1,9.2,65,5
2022/3/16,14.1,3,0,0,5.8,2.7,10.4,64,6.5
2022/3/17,14.1,3,0,0,7.7,2.6,9.9,62,7.8
2022/3/18,5.2,2,48,1,0,3.6,8,91,10
2022/3/19,10.1,2,22,1,7,2.9,9.8,82,7.5
2022/3/20,9.9,4,0,0,6.9,2.5,6.8,59,5.8
2022/3/21,9.6,3,0,0,4,2.6,7.3,62,9.3
2022/3/22,3.7,1,18,1,0,3.2,7.3,92,10
2022/3/23,5.2,3,1,1,6.3,2.3,5.6,66,10
2022/3/24,8.2,4,1,1,9.5,2,7.8,73,3
2022/3/25,12.2,4,0,0,10.9,2.9,7.5,54,2.5
2022/3/26,16.1,2,7.5,1,0,4.7,14.7,80,10
2022/3/27,16.2,3,0.5,1,2.1,3.2,12.9,72,10
2022/3/28,13.5,4,0,0,6.1,2.9,7.4,49,8.3
2022/3/29,10.2,3,0,0,0,2,6.9,55,10
2022/3/30,14.5,3,0,0,3.9,3.3,12.9,77,10
2022/3/31,15.1,3,7,1,6,2.8,12.8,76,8
2022/4/1,7.6,2,16.5,1,5.2,3.2,6.3,63,9.8
2022/4/2,8.5,3,0,0,11.6,3,5.7,51,7.8
2022/4/3,8.2,2,13.5,1,0,2.6,9.2,84,10
2022/4/4,8.5,2,53.5,1,0,3.4,10.7,97,10
2022/4/5,12.6,2,1.5,1,3.1,2.8,11.4,78,9.5
2022/4/6,15.5,3,0,0,7.9,2.1,12.4,73,9
2022/4/7,14.3,3,0,0,6.2,2.9,11.6,72,7.8
2022/4/8,15.4,4,0,0,11.8,3,9.6,57,0.8
2022/4/9,17.2,4,0,0,11.5,3.4,12.6,65,0
2022/4/10,19.6,4,0,0,11.8,2.4,12.8,60,0
2022/4/11,18.9,3,0,0,9.5,3.6,15.7,73,9.8
2022/4/12,20,4,0,0,11.8,2.8,16,70,2.5
2022/4/13,20.8,3,0,0,11.3,2.3,18.1,75,7.3
2022/4/14,12.3,2,4,1,0,3.2,12.9,90,10
2022/4/15,10.1,2,19.5,1,0,2.7,12,97,10
2022/4/16,12.5,2,1,1,5.5,2.4,10.8,76,8.8
2022/4/17,13.7,3,0,0,4.6,2.5,10.6,68,9.8
2022/4/18,14.3,3,28.5,1,0.9,2.1,13.6,84,8.5
2022/4/19,15.3,3,1,1,7.6,2.4,12.5,75,9
2022/4/20,12.2,3,1.5,1,0,2.1,11.9,84,10
2022/4/21,16.4,3,8.5,1,3.6,2.2,14.1,76,8.3
2022/4/22,19.2,4,29,1,8.1,2.4,17.9,82,5
2022/4/23,20.8,3,0,0,6.1,1.8,17.8,74,8.5
2022/4/24,17.3,2,3.5,1,0,2,15.7,81,10
2022/4/25,19.9,4,0,0,11.8,2.5,17.3,77,4.8
2022/4/26,21.3,2,2.5,1,0,4.3,22.6,89,10
2022/4/27,23,2,0.5,1,1.6,4.1,22.2,79,10
2022/4/28,16.9,3,0,0,5.5,3.4,10.9,57,6.8
2022/4/29,12.9,2,40,1,0.2,2.6,12.9,86,7.8
2022/4/30,12.6,4,0,0,12.4,3.7,9,64,2.5
2022/5/1,12.7,2,12,1,0,2.1,12,83,9.8
2022/5/2,13.3,3,1,1,4.1,2.7,11,74,8.5
2022/5/3,15.2,4,0,0,12.3,2.7,10.4,63,0.8
2022/5/4,17.9,4,0,0,12.4,2.9,11.8,60,2.5
2022/5/5,19.8,3,0,0,11.8,2.7,14.6,65,6.5
2022/5/6,19.5,3,0,0,7.9,3.1,15.9,71,10
2022/5/7,18.5,3,7.5,1,0.8,1.8,18.5,87,8.8
2022/5/8,18.3,3,0,0,5.1,3.1,12,59,8
2022/5/9,14.1,3,8,1,0,2.4,12.7,80,10
2022/5/10,16.5,3,0.5,1,11.4,2.6,11.4,64,10
2022/5/11,18.7,3,0,0,9.9,2.4,13.4,63,10
2022/5/12,19.4,2,2,1,1.3,2.4,19.4,87,10
2022/5/13,18.8,2,28.5,1,0,2.1,21.8,100,10
2022/5/14,21.8,2,9.5,1,1.8,3.4,22.7,87,10
2022/5/15,17.5,3,1,1,0,2.5,13.4,67,10
2022/5/16,14.5,2,7.5,1,0,2.1,15.7,95,10
2022/5/17,15.7,3,0.5,1,0,1.5,16.1,90,10
2022/5/18,18.8,3,0,0,11.8,2.5,15.3,73,9
2022/5/19,20.5,4,0,0,9.2,3.2,13.8,60,5
2022/5/20,21.2,3,0,0,5.1,2.6,17.8,72,10
2022/5/21,18.2,3,39.5,1,0,1.8,19,91,10
2022/5/22,19,3,1.5,1,5.4,2.7,16.9,79,9
2022/5/23,19.6,4,0.5,1,6.7,3,16.2,72,8
2022/5/24,20.9,4,0,0,10.8,3.3,17.6,72,4.3
2022/5/25,21.8,3,0,0,8.8,3.7,18,71,7
2022/5/26,21.6,3,0,0,8.3,3.7,18.2,72,7.5
2022/5/27,21,2,59.5,1,1.2,4.1,22.8,91,10
2022/5/28,22.4,4,0,0,10.1,2.5,16.3,62,3.5
2022/5/29,24.1,4,0,0,13.3,2.8,15.2,53,2.8
2022/5/30,22.3,4,0,0,11.4,3.2,18.6,70,6.3
2022/5/31,18.7,3,19,1,0.2,2.2,19.6,91,10
2022/6/1,21.8,3,0,0,8.2,2.6,14.8,60,10
2022/6/2,22.5,4,0,0,10.2,3.8,19,70,2.3
2022/6/3,20.6,2,5,1,5.1,2.5,19.9,83,6.8
2022/6/4,20.3,4,0,0,10.5,3,15.8,68,5.3
2022/6/5,21.5,3,0,0,4.2,2.9,19.2,76,10
2022/6/6,16.6,2,43.5,1,0,3.2,18.4,97,10
2022/6/7,16.8,3,3.5,1,0.2,2.7,17.2,90,10
2022/6/8,17.2,3,0,0,0.8,2.6,16.2,82,10
2022/6/9,19.1,3,0,0,4.8,2.4,18.1,83,8.3
2022/6/10,21.2,3,0,0,1.7,2.6,19.4,78,9.3
2022/6/11,21.9,3,0.5,1,0.2,2.7,20.7,80,10
2022/6/12,21.4,2,0.5,1,5.6,2.7,18.3,72,7
2022/6/13,21.2,3,0,0,9.5,3.5,13.2,53,9
2022/6/14,17.3,2,0.5,1,0,3.2,15.8,80,10
2022/6/15,16.9,2,3,1,0,1.7,18.3,95,10
2022/6/16,20.3,3,0,0,0.1,1.4,20.8,87,10
2022/6/17,22.8,3,0,0,4,1.6,22.8,83,8.8
2022/6/18,22.7,3,2.5,1,0,1.7,24.6,90,9.8
2022/6/19,24,3,0,0,12.1,2.6,24.5,83,6.3
2022/6/20,25.1,3,0,0,5.1,2.1,25.6,81,9.8
2022/6/21,25.2,2,0.5,1,2.6,2.4,25.3,80,9
2022/6/22,23.8,2,4.5,1,0.6,2.5,25.3,87,10
2022/6/23,23.5,3,0,0,0.1,2.4,25.1,87,10
2022/6/24,27.5,3,0,0,7.7,5.6,27.1,75,7.3
2022/6/25,30,4,0,0,12.4,5.3,28,67,0.8
2022/6/26,29.6,4,0,0,11.4,4,24.7,61,2.3
2022/6/27,29.5,4,0,0,11.8,2.5,26.4,65,5.5
2022/6/28,29.2,4,0,0,13,2.5,28.3,71,3.8
2022/6/29,29.4,3,0,0,12.5,2.8,28.6,71,8
2022/6/30,30.8,3,0,0,13.2,2.7,28.4,66,5
2022/7/1,30.4,4,0,0,11.5,2.7,28.7,68,0.5
2022/7/2,29.5,4,0,0,10.6,2.9,29.5,72,5
2022/7/3,28.9,3,0,0,2.7,2.1,29.2,74,8.3
2022/7/4,26.5,2,3.5,1,0.1,2,28,81,9.3
2022/7/5,26.2,2,2,1,3.5,3.2,27.2,81,9.8
2022/7/6,26,3,0,0,1,3.5,27.4,82,9.5
2022/7/7,25.5,3,0,0,3.3,2.9,24.9,77,8
2022/7/8,26,3,0,0,5.1,2.6,22.3,67,7.5
2022/7/9,26.6,3,0,0,10.8,2.8,23.6,68,7.5
2022/7/10,27.4,3,0,0,7.3,4,27.3,75,6.8
2022/7/11,28.1,3,0,0,7.3,2.9,28.2,75,8
2022/7/12,25.9,2,32,1,0,2.8,28.1,85,10
2022/7/13,23.7,2,53,1,0,2.2,28.7,98,10
2022/7/14,23.8,2,22.5,1,0.1,2.5,27.9,95,10
2022/7/15,23.8,2,61.5,1,0,2,29.1,99,10
2022/7/16,23.5,2,9,1,0,1.9,28.8,100,10
2022/7/17,25.4,3,1.5,1,5.5,3,28.7,89,7.3
2022/7/18,27.5,3,0,0,7.3,2.2,28.8,79,8
2022/7/19,27.4,2,0,0,0.4,3.1,30,83,10
2022/7/20,29.7,3,0,0,8.1,3.3,25.9,65,8.5
2022/7/21,28.1,2,0,0,6.3,3.6,28.1,74,9.8
2022/7/22,28.3,2,1.5,1,7.2,4.5,31.2,81,5.8
2022/7/23,28.7,4,0,0,8.1,2.7,28.6,74,5.5
2022/7/24,28.3,4,0,0,9.3,3.3,27.8,73,6.3
2022/7/25,29.2,4,0,0,11.2,4.3,29.5,73,6.3
2022/7/26,26.6,2,45.5,1,0.6,3.5,32.8,94,10
2022/7/27,29.4,3,0,0,10.7,4.9,30.9,76,8.5
2022/7/28,28.8,4,1,1,8.3,3.7,31.3,80,7.3
2022/7/29,29.1,4,0,0,11.7,3.2,30.4,76,6.3
2022/7/30,29.9,4,0,0,8.9,2.7,31.6,75,6.8
2022/7/31,30.8,4,0,0,9.5,2.4,32.4,74,3.5
2022/8/1,30.6,3,0,0,10.6,2.8,31.6,72,8.8
2022/8/2,31.6,3,0,0,10.7,2.5,32.7,71,9.8
2022/8/3,31.5,2,0,0,8.3,2.3,34.2,75,7.3
2022/8/4,24.6,3,18,1,0,2.7,27.4,89,10
2022/8/5,23.8,3,0,0,0.2,2.9,24.5,83,9.8
2022/8/6,25.2,3,0,0,2.3,2.4,23.4,73,10
2022/8/7,27.6,3,0,0,2.5,2.2,29.4,80,8.3
2022/8/8,29.8,4,0,0,9.2,4.5,31.4,75,4.8
2022/8/9,30.9,3,0,0,11.9,5.5,30.5,69,6.8
2022/8/10,30.5,4,0,0,12.1,5.3,30.5,70,6
2022/8/11,29.5,4,0,0,10.1,5.4,30.8,75,6
2022/8/12,28.3,3,2,1,3.8,5.8,31.1,81,9.8
2022/8/13,25.5,2,47.5,1,0.2,4.8,30.5,94,10
2022/8/14,28.2,3,0,0,4.4,2.6,31.8,84,8.8
2022/8/15,29.4,3,0,0,7,2.5,31.7,78,8.8
2022/8/16,31,3,0,0,7.7,4.8,31.4,70,8.3
2022/8/17,27.3,2,5,1,1,2.5,27.9,77,10
2022/8/18,26.8,2,13,1,3.8,2.8,28.4,81,6
2022/8/19,27.5,4,0,0,10.6,3.4,22.4,62,3
2022/8/20,26.4,2,1.5,1,3.3,1.8,28.1,82,9.8
2022/8/21,26,2,1,1,1.1,2.1,28.9,87,10
2022/8/22,26.2,3,0,0,0.4,2.5,27.9,82,10
2022/8/23,28.7,3,0,0,6.1,3.2,32.6,83,8.3
2022/8/24,27.8,3,2,1,3.8,2.9,29.3,79,10
2022/8/25,25.7,3,0,0,0.4,2,25.4,77,10
2022/8/26,27,2,3.5,1,0.4,2.1,31.7,89,10
2022/8/27,29,4,0,0,8.1,3.3,31.5,80,5.5
2022/8/28,23.7,2,5,1,0.2,3,25.5,87,9.8
2022/8/29,23.3,2,0.5,1,4.4,2.8,19.5,69,8
2022/8/30,22.8,3,5,1,0,1.9,24.5,88,10
2022/8/31,27.1,3,1,1,5.8,3.2,29.9,85,8.8
2022/9/1,27.1,3,23,1,2.3,3.7,32.2,90,9.8
2022/9/2,23.2,2,15,1,0,2.2,28,98,10
2022/9/3,24.6,3,0,0,2.1,2.2,25.9,84,7.8
2022/9/4,26.1,4,0,0,4.6,2.2,27.2,81,7
2022/9/5,26.6,3,0,0,5.9,2.7,27.5,80,7.8
2022/9/6,27.8,4,0,0,6.6,3.9,30.3,82,6
2022/9/7,26.8,3,6,1,0.5,2.2,31.6,90,9.8
2022/9/8,23.5,3,1,1,0,2.4,26.4,91,10
2022/9/9,24.5,2,0.5,1,2.8,2.3,26.6,87,9.8
2022/9/10,25.3,4,0,0,10.1,3.2,22,70,3.5
2022/9/11,24.4,3,0,0,1.1,3,21.9,72,9.8
2022/9/12,25.8,3,1.5,1,9.7,2.8,24.1,74,9
2022/9/13,26.1,3,0,0,4.5,2.2,27.7,83,9
2022/9/14,26.7,3,0,0,8.7,2.9,26.2,76,9.3
2022/9/15,23.6,3,0,0,0.3,2.4,20.3,70,9.8
2022/9/16,25.1,4,0,0,10.2,2.5,20.4,65,4.3
2022/9/17,26.9,3,0,0,7.3,2.3,25.5,73,9.5
2022/9/18,25.2,2,72.5,1,0,2.5,31.8,99,10
2022/9/19,27.1,3,18.5,1,2.4,5.6,32.8,92,9.3
2022/9/20,22.3,2,50,1,0,4.9,25.7,94,10
2022/9/21,19.5,3,0,0,3.4,3.4,16.8,75,10
2022/9/22,20.3,2,0,0,3.8,2.7,16.5,69,10
2022/9/23,21.7,3,9.5,1,0,2.1,23.7,91,10
2022/9/24,23.1,2,112.5,1,0.2,2.7,28.2,100,10
2022/9/25,22.9,4,0,0,9.4,3,20.6,75,4
2022/9/26,23.3,4,0,0,11.4,2,21.1,75,1
2022/9/27,23.2,4,0,0,7.4,2.5,21.3,76,5.8
2022/9/28,22.8,4,0,0,9.5,2.5,17,63,6.3
2022/9/29,22.4,3,0,0,1.9,2.1,19.6,73,10
2022/9/30,23.2,4,0,0,8.4,2.3,19.9,71,3.3
2022/10/1,23.6,4,0,0,9.1,2.6,19.2,67,2.5
2022/10/2,23.5,4,0,0,10.4,2.3,17.9,64,1.8
2022/10/3,23,3,0,0,1.7,2.2,21.3,77,9
2022/10/4,25.2,4,0,0,8.8,4.6,22.5,71,5.3
2022/10/5,19.8,2,14,1,0,3,20.4,88,9
2022/10/6,13.1,2,9,1,0,3.2,13.8,92,10
2022/10/7,12.4,2,53,1,0,3.3,13.6,94,10
2022/10/8,16.1,3,0,0,1.4,1.8,15.5,86,9.5
2022/10/9,17,2,7.5,1,1.4,2.2,16.2,84,7.8
2022/10/10,18.1,3,9,1,0.4,1.9,19.7,95,10
2022/10/11,21.6,3,0,0,6.4,3,16.6,65,9.8
2022/10/12,18.5,3,0,0,0,2.3,14.4,68,10
2022/10/13,15.8,2,9.5,1,0,2.6,16.3,91,10
2022/10/14,17.9,3,5,1,0,2.2,18.5,91,10
2022/10/15,20.2,2,0,0,1.8,1.9,18.5,79,9.5
2022/10/16,20,3,0,0,1,1.7,19.1,82,7.5
2022/10/17,20.1,3,1.5,1,0,1.4,21.9,93,10
2022/10/18,16.2,3,4,1,0.4,2.9,15.6,85,10
2022/10/19,14.6,3,1.5,1,1.9,2.1,11.5,70,8.5
2022/10/20,14.7,4,0,0,10.2,2.1,9.4,58,0
2022/10/21,16.7,4,0,0,9.9,2.6,12.9,68,2.5
2022/10/22,16.6,3,0,0,0.3,1.5,14.5,77,8.3
2022/10/23,18.2,4,0,0,9,1.8,14.3,71,6.3
2022/10/24,13.3,3,0,0,0.1,3.1,11.8,77,10
2022/10/25,12.8,3,1,1,0.1,2.9,8.5,58,10
2022/10/26,13.8,4,3,1,9.6,2.9,9,59,2.5
2022/10/27,12.8,3,0,0,6.1,1.8,9.5,65,5.3
2022/10/28,13.5,3,0,0,3.7,1.7,11.2,73,4.8
2022/10/29,15.8,4,0,0,8.3,2.2,10.2,59,0.5
2022/10/30,13.8,4,0,0,7.7,1.7,9,58,4.8
2022/10/31,14.7,4,0,0,9.7,2.2,10.3,62,0
2022/11/1,14.8,3,0,0,0.1,2.3,11.5,69,10
2022/11/2,16.7,4,0,0,9.5,1.9,13.3,72,2
2022/11/3,17.8,4,0,0,8.6,2.4,13.8,70,2
2022/11/4,15.5,4,0,0,5.7,2.5,12.8,73,7
2022/11/5,14,3,0,0,2.2,2,8.9,56,8.5
2022/11/6,13.5,4,0,0,8.8,2.1,9.3,61,2
2022/11/7,13.7,3,0,0,4.6,1.8,10.9,70,6.8
2022/11/8,15.9,4,0,0,9.3,2.1,9.6,55,2.5
2022/11/9,14.6,4,0,0,6.5,2.1,9.6,58,3.3
2022/11/10,15.2,4,0,0,7.7,1.9,10.9,64,3.8
2022/11/11,16.1,4,0,0,9.1,2,11.9,66,0.8
2022/11/12,16.6,4,0,0,8.1,1.7,14.3,77,2
2022/11/13,18,3,0.5,1,4,2.9,16.8,82,7.5
2022/11/14,16.1,2,0,0,5.4,3.3,9.5,52,7
2022/11/15,11.1,4,6,1,0,2.1,12.3,93,7.3
2022/11/16,12.4,4,0,0,9.1,2.2,9.2,66,2.3
2022/11/17,12.8,3,0,0,6.5,1.9,8.5,58,7.3
2022/11/18,13.2,4,0,0,8.8,1.9,10.1,67,3.8
2022/11/19,13.7,4,0,0,8.7,2.2,9.3,61,5.8
2022/11/20,11.6,2,6,1,0,2.4,10.9,80,10
2022/11/21,13.4,2,3,1,4.3,2.1,14.3,93,7.5
2022/11/22,15.4,4,0,0,7.2,2.1,12.6,74,5
2022/11/23,11.7,2,42,1,0,2.8,12.7,93,10
2022/11/24,15.3,4,0.5,1,7.4,3,11,66,7
2022/11/25,13.5,4,0.5,1,9.1,2.2,10.1,67,2.5
2022/11/26,12.7,2,1,1,0.8,1.6,11.9,81,9.8
2022/11/27,14.4,4,0,0,9,2.6,8.7,54,2
2022/11/28,11.7,3,0,0,0.1,1.6,9,65,10
2022/11/29,16.7,3,10.5,1,0,3.3,16.4,84,10
2022/11/30,16.6,3,32.5,1,0.3,2.2,15.3,81,9.8
2022/12/1,10.1,2,0.5,1,0,2.1,9,74,10
2022/12/2,9.4,3,0,0,2,2.5,7.1,60,9
2022/12/3,7.8,3,0,0,2.3,1.8,7.1,67,7
2022/12/4,10.2,4,0,0,4.4,1.7,8,66,5.8
2022/12/5,7.6,2,19.5,1,0,2.2,8.1,78,10
2022/12/6,6.1,2,9.5,1,0.1,2.1,8.9,94,7.8
2022/12/7,8.5,4,0,0,8,1.5,7.5,71,2
2022/12/8,9.3,4,0,0,8.8,1.4,6.9,62,2.5
2022/12/9,9.3,4,0,0,5.7,1.8,7.7,66,6.3
2022/12/10,10.4,4,0,0,8.8,1.8,8,65,5.8
2022/12/11,9.5,3,0,0,4.3,2.3,8.6,72,7.5
2022/12/12,8.2,4,0,0,8.5,2.2,6.3,59,4
2022/12/13,7.2,2,3.5,1,1.8,1.9,8.9,87,7.3
2022/12/14,9.2,4,0,0,8.5,2.9,6,52,0.3
2022/12/15,7,4,0,0,7.6,2.2,4.7,47,2
2022/12/16,8.2,4,0,0,8.9,1.7,5.5,51,0
2022/12/17,6.7,3,3.5,1,0.7,1.6,6.2,64,10
2022/12/18,6.5,2,2.5,1,6.4,2.8,5.5,57,4.5
2022/12/19,4.9,4,0,0,9,2,3.2,38,0
2022/12/20,5.4,4,0,0,9,1.7,4.3,48,0
2022/12/21,6.5,3,0,0,3.2,1.8,5.8,60,10
2022/12/22,7.2,2,17.5,1,1,2.6,8.8,86,7
2022/12/23,5.4,4,0,0,9,4.8,2.6,29,0.3
2022/12/24,6.2,4,0,0,8.9,3.3,4.1,42,0
2022/12/25,6.9,4,0,0,8.8,3.1,4.7,49,0.3
2022/12/26,6.3,4,0,0,8.9,3.6,4.3,46,2.3
2022/12/27,6.8,4,0,0,8.9,2.7,4.6,48,0
2022/12/28,6.5,4,0,0,6.5,1.4,5.9,61,3.3
2022/12/29,8.1,4,0,0,8.7,2,5.3,51,0
2022/12/30,6.6,3,0,0,4.2,1.9,4.9,51,3.3
2022/12/31,5.7,3,0,0,2.8,1.6,5.5,60,3.5
2023/1/1,6.6,4,0,0,8.8,1.7,5.9,62,0
2023/1/2,6.2,4,0,0,6.3,2.1,4.7,51,2
2023/1/3,5.8,4,0,0,8.9,2.2,3.8,42,1
2023/1/4,5.6,4,0,0,8.4,2.6,4.2,47,1.5
2023/1/5,5.9,4,0,0,8.8,3.2,3.3,36,0
2023/1/6,5.3,3,0,0,7.8,1.7,4.2,47,7.3
2023/1/7,6,4,0,0,8.8,1.7,5.5,59,4.3
2023/1/8,7,4,0,0,8.8,1.8,5.7,58,1.5
2023/1/9,8,4,0,0,8.8,1.9,6.5,61,0.8
2023/1/10,6.3,4,0,0,8.9,4.9,4,42,1.5
2023/1/11,5.4,4,0,0,6.9,1.8,4.6,52,2.3
2023/1/12,6.1,4,0,0,8.7,1.3,4.8,52,1.5
2023/1/13,8.7,4,0,0,6,1.8,6.8,60,5
2023/1/14,9.5,3,1.5,1,0,2,9.6,81,9
2023/1/15,10.3,2,3,1,0,2.1,10.4,84,10
2023/1/16,6.3,2,8,1,0,2.1,8.7,90,10
2023/1/17,4.7,3,1.5,1,2,2,5.6,65,7
2023/1/18,7.3,3,0,0,5.3,2,6.5,64,7.8
2023/1/19,6.3,4,0,0,2.9,2,5.8,61,5
2023/1/20,7.6,4,0.5,1,8.8,2.1,6.4,63,2.5
2023/1/21,5.6,4,0,0,9,4.1,3.3,37,2.5
2023/1/22,4.9,3,0,0,5.2,1.8,4.4,51,9.8
2023/1/23,4.5,2,0.5,1,0.1,2.1,6.5,77,10
2023/1/24,4.7,3,0.5,1,5.1,3.7,5.5,61,10
2023/1/25,-0.3,4,0,0,9.2,4.8,1.8,30,0.3
2023/1/26,3,4,0,0,8.8,2.1,3.5,44,1.8
2023/1/27,3.8,2,0,0,1,1.9,4.7,59,10
2023/1/28,3.7,4,0,0,7.8,3.3,2.9,37,4
2023/1/29,3.4,4,0,0,9.2,2.1,3.9,50,0
2023/1/30,4.2,4,0,0,7.3,2.6,4.3,53,2
2023/1/31,4.6,4,0,0,7.4,3.1,3.2,38,3
2023/2/1,6.8,4,0,0,8.7,3.1,4.7,47,0.8
2023/2/2,6.4,3,0,0,3.6,4.1,3.5,36,9.3
2023/2/3,4.8,3,0,0,0.1,2.2,4,47,9.5
2023/2/4,6.5,4,0,0,6.2,1.8,5.8,58,3.8
2023/2/5,6.8,4,0,0,9.3,2.1,5.3,55,0
2023/2/6,7.8,4,0,0,8.1,1.8,5.8,56,4.5
2023/2/7,10.5,3,0,0,4,2.3,8,63,10
2023/2/8,8.7,3,0,0,1.8,2.2,7.8,70,9.3
2023/2/9,6.2,4,0,0,9.6,4,3.7,39,2.5
2023/2/10,1.9,2,27.5,1,0,2.8,5.7,82,10
2023/2/11,8.7,4,0,0,9.5,2.8,6.7,61,5
2023/2/12,11,3,0,0,6.6,2.5,8.7,65,8.3
2023/2/13,7.7,2,10.5,1,0,2.1,9.1,87,10
2023/2/14,5.6,3,0,0,3,3.5,4.1,45,8.3
2023/2/15,3.5,4,0,0,6.2,3.9,2.9,37,6
2023/2/16,4.1,4,0,0,9.9,2.4,3.9,48,1.8
2023/2/17,5.7,4,0,0,9.7,1.9,5,55,2.8
2023/2/18,8.9,4,0,0,9.4,1.8,6.9,61,1
2023/2/19,11.8,3,0,0,1.1,2,7.9,56,9.8
2023/2/20,9.7,4,0,0,8.8,3.4,5.2,43,6
2023/2/21,4.7,4,0,0,10.1,5,3,36,2.5
2023/2/22,5.5,4,0,0,10.2,2.7,4.3,46,1.5
2023/2/23,8.5,3,0,0,5.9,1.9,5.9,53,5.5
2023/2/24,8.9,2,2.5,1,0,1.6,8.1,71,10
2023/2/25,7.5,3,0,0,4.6,4,5.2,50,6.8
2023/2/26,6,4,0,0,10.7,4.4,3.2,35,0
2023/2/27,8.7,4,0,0,10.7,3.3,5.1,46,0
2023/2/28,11.6,4,0,0,10.8,3.6,6.7,51,0
2023/3/1,13.8,3,0,0,6.5,3.3,7.5,49,8.5
2023/3/2,12.8,2,0,0,4.1,5.1,7.7,50,6.8
2023/3/3,7.8,3,0,0,6.4,2.5,5.2,49,2.5
2023/3/4,10.5,4,0,0,9.8,2.4,5.4,44,6
2023/3/5,9.5,3,0,0,1.7,2.3,6.9,57,10
2023/3/6,9.9,2,1,1,3.7,1.9,9.5,79,6.3
2023/3/7,12.1,4,0,0,10.4,2.1,8.8,65,0
2023/3/8,14,4,0,0,10.5,2.5,8.2,52,2.5
2023/3/9,15.9,4,0,0,9.6,3.4,9.7,55,5.8
2023/3/10,17.3,2,1,1,7.2,3.5,11.1,56,4.3
2023/3/11,14.7,4,0,0,10.4,2.5,7.1,44,0
2023/3/12,14.5,3,0,0,5.5,2.9,10.4,63,7.5
2023/3/13,13.9,3,9,1,0.6,4,12,75,9.8
2023/3/14,10,2,0,0,6.4,2.5,7.2,59,5
2023/3/15,12.3,4,0,0,9.9,2.5,9.3,65,3.8
2023/3/16,14.5,3,0,0,10.7,2.3,11,68,7
2023/3/17,12.5,3,0,0,0,2.9,11.2,78,9.5
2023/3/18,8.1,2,32,1,0,2.3,10.3,96,10
2023/3/19,10,4,0,0,11.1,2.5,6.6,57,2.5
2023/3/20,13.1,4,0,0,11.1,3.1,9,61,3
2023/3/21,14.7,3,0,0,0.9,2.1,12.1,72,8.8
2023/3/22,17.2,4,0,0,7.9,2.2,14.1,74,4.3
2023/3/23,16.5,2,14.5,1,0,2.2,18.5,98,10
2023/3/24,18.1,3,15.5,1,1.6,2.3,17.6,87,10
2023/3/25,11,2,26,1,0,2.6,12.5,95,10
2023/3/26,11.4,2,27,1,0,2,13.4,99,10
2023/3/27,13.4,3,0,0,2.3,3.1,8.4,55,10
2023/3/28,10.2,2,3,1,1.7,2.3,10,80,8.8
2023/3/29,12.6,4,15.5,1,3.7,2.2,10.4,72,6
2023/3/30,14.1,4,0.5,1,5.8,2.4,11.9,76,6.5
2023/3/31,15,3,0,0,4.6,2.6,12.2,73,6.3